{
    "evaluation_frequency": {
        "frequency": 1,
        "period": "epoch"
    },
    "test": {
        "Delay": {
            "accuracy": [
                0.6557992696762085,
                0.6583948135375977,
                0.6606752276420593,
                0.6612963080406189,
                0.661314845085144,
                0.6614816784858704,
                0.6598687171936035,
                0.6615280508995056,
                0.661453902721405,
                0.6606937646865845,
                0.6617968678474426,
                0.6603322625160217,
                0.6606659293174744,
                0.661991536617279
            ],
            "loss": [
                0.6154941320419312,
                0.613123893737793,
                0.6128628849983215,
                0.612715482711792,
                0.6138791441917419,
                0.6129282116889954,
                0.614012598991394,
                0.613637387752533,
                0.6134876608848572,
                0.6139624118804932,
                0.6138088703155518,
                0.6143573522567749,
                0.6137542724609375,
                0.6144309043884277
            ],
            "precision": [
                0.6408445239067078,
                0.6421522498130798,
                0.638351321220398,
                0.6427934169769287,
                0.6441042423248291,
                0.6440771222114563,
                0.6389011144638062,
                0.6403101682662964,
                0.6461822986602783,
                0.645033061504364,
                0.6443934440612793,
                0.6384966373443604,
                0.6370381116867065,
                0.638938844203949
            ],
            "recall": [
                0.5172708034515381,
                0.5267177224159241,
                0.5497940182685852,
                0.5395355820655823,
                0.5358108878135681,
                0.5367264747619629,
                0.5439260601997375,
                0.5481501221656799,
                0.5305880308151245,
                0.5300469994544983,
                0.5373923182487488,
                0.5475675463676453,
                0.5538724064826965,
                0.5547671318054199
            ],
            "roc_auc": [
                0.7078324556350708,
                0.7116875052452087,
                0.7129940986633301,
                0.713341474533081,
                0.7123637795448303,
                0.7132786512374878,
                0.7120152711868286,
                0.7129334807395935,
                0.7128689885139465,
                0.7124605178833008,
                0.7129245400428772,
                0.7123831510543823,
                0.7130570411682129,
                0.7125099897384644
            ],
            "specificity": [
                0.7670935392379761,
                0.7641847133636475,
                0.7497575879096985,
                0.7591193318367004,
                0.7621451616287231,
                0.761710524559021,
                0.7530174851417542,
                0.752616286277771,
                0.7665919661521912,
                0.7656558156013489,
                0.76174396276474,
                0.7509278059005737,
                0.7464642524719238,
                0.7481359839439392
            ]
        },
        "combined": {
            "loss": [
                0.6154941320419312,
                0.613123893737793,
                0.6128628849983215,
                0.612715482711792,
                0.6138791441917419,
                0.6129282116889954,
                0.614012598991394,
                0.613637387752533,
                0.6134876608848572,
                0.6139624118804932,
                0.6138088703155518,
                0.6143573522567749,
                0.6137542724609375,
                0.6144309043884277
            ]
        }
    },
    "training": {
        "Delay": {
            "accuracy": [
                0.6452966332435608,
                0.6601601243019104,
                0.6669535636901855,
                0.6689850091934204,
                0.6700391173362732,
                0.6700947284698486,
                0.6704867482185364,
                0.671506404876709,
                0.6716176271438599,
                0.6714693307876587,
                0.6721287965774536,
                0.671657383441925,
                0.6722082495689392,
                0.672735333442688
            ],
            "loss": [
                0.6263277530670166,
                0.6130242943763733,
                0.6074044704437256,
                0.605075478553772,
                0.6041334867477417,
                0.6034499406814575,
                0.6030917167663574,
                0.6029064655303955,
                0.6025186777114868,
                0.6022943258285522,
                0.6021115779876709,
                0.6019960641860962,
                0.6018537282943726,
                0.6016843318939209
            ],
            "precision": [
                0.6263538599014282,
                0.6441623568534851,
                0.6509174704551697,
                0.6526791453361511,
                0.6536473035812378,
                0.6534410715103149,
                0.6539208889007568,
                0.6552003026008606,
                0.6550143361091614,
                0.6550506949424744,
                0.6559336185455322,
                0.6551748514175415,
                0.6556211709976196,
                0.6565790176391602
            ],
            "recall": [
                0.5045315623283386,
                0.5293421745300293,
                0.5438467264175415,
                0.5487886071205139,
                0.5511614084243774,
                0.5519940257072449,
                0.5525470972061157,
                0.5538970232009888,
                0.5549317598342896,
                0.5541289448738098,
                0.5548485517501831,
                0.5546820163726807,
                0.5560736060142517,
                0.5559605956077576
            ],
            "roc_auc": [
                0.6917428970336914,
                0.7121948599815369,
                0.7204886078834534,
                0.7237768173217773,
                0.7250802516937256,
                0.7259567975997925,
                0.7264823913574219,
                0.7266809940338135,
                0.7272995710372925,
                0.7275182604789734,
                0.7277647256851196,
                0.72791588306427,
                0.7280789613723755,
                0.7282811403274536
            ],
            "specificity": [
                0.7583267688751221,
                0.765203058719635,
                0.7658047676086426,
                0.7655038833618164,
                0.7654943466186523,
                0.7649260759353638,
                0.7651887536048889,
                0.7659432291984558,
                0.765312910079956,
                0.7656901478767395,
                0.7663013339042664,
                0.7655850648880005,
                0.7654609084129333,
                0.7665019035339355
            ]
        },
        "combined": {
            "loss": [
                0.6263277530670166,
                0.6130242943763733,
                0.6074044704437256,
                0.605075478553772,
                0.6041334867477417,
                0.6034499406814575,
                0.6030917167663574,
                0.6029064655303955,
                0.6025186777114868,
                0.6022943258285522,
                0.6021115779876709,
                0.6019960641860962,
                0.6018537282943726,
                0.6016843318939209
            ]
        }
    },